StartDate,EndDate,Status,IPAddress,Progress,Duration (in seconds),Finished,RecordedDate,ResponseId,RecipientLastName,RecipientFirstName,RecipientEmail,ExternalReference,LocationLatitude,LocationLongitude,DistributionChannel,UserLanguage,Prolific ID,Q1_1,Q2_1,Q3_1,Q4_1,Q5_1,Q6_1,Q7_1,Q8_1,Q9_1,Q10_1,PROLIFIC_PID,Create New Field or Choose From Dropdown...
Start Date,End Date,Response Type,IP Address,Progress,Duration (in seconds),Finished,Recorded Date,Response ID,Recipient Last Name,Recipient First Name,Recipient Email,External Data Reference,Location Latitude,Location Longitude,Distribution Channel,User Language,"If you have a Prolific ID then please enter it here.

 
If you don't know what a Prolific ID is then you don't have one and you can leave this bit blank and continue!",Q1,Q2,Q3,Q4,Q5,Q6,Q7,Q8,Q9,Q10,PROLIFIC_PID,Create New Field or Choose From Dropdown...
"{""ImportId"":""startDate"",""timeZone"":""Europe/London""}","{""ImportId"":""endDate"",""timeZone"":""Europe/London""}","{""ImportId"":""status""}","{""ImportId"":""ipAddress""}","{""ImportId"":""progress""}","{""ImportId"":""duration""}","{""ImportId"":""finished""}","{""ImportId"":""recordedDate"",""timeZone"":""Europe/London""}","{""ImportId"":""_recordId""}","{""ImportId"":""recipientLastName""}","{""ImportId"":""recipientFirstName""}","{""ImportId"":""recipientEmail""}","{""ImportId"":""externalDataReference""}","{""ImportId"":""locationLatitude""}","{""ImportId"":""locationLongitude""}","{""ImportId"":""distributionChannel""}","{""ImportId"":""userLanguage""}","{""ImportId"":""QID14_TEXT""}","{""ImportId"":""QID1_1""}","{""ImportId"":""QID3_1""}","{""ImportId"":""QID4_1""}","{""ImportId"":""QID5_1""}","{""ImportId"":""QID6_1""}","{""ImportId"":""QID7_1""}","{""ImportId"":""QID8_1""}","{""ImportId"":""QID9_1""}","{""ImportId"":""QID10_1""}","{""ImportId"":""QID11_1""}","{""ImportId"":""PROLIFIC_PID""}","{""ImportId"":""Create New Field or Choose From Dropdown...""}"
11/11/20 8:33,11/11/20 8:34,Survey Preview,,100,55,TRUE,11/11/20 8:34,R_3M9ewT7KWFVgs64,,,,,51.5384063720703125,-0.039001465,preview,EN,,81,80,60,74,65,43,54,70,66,55,,
11/11/20 9:36,11/11/20 9:39,IP Address,37.156.74.118,100,168,TRUE,11/11/20 9:39,R_2wTg7JxKtMmq5RX,,,,,51.495697021484375,-0.177200317,anonymous,EN,,44,54,51,28,46,48,44,27,66,74,,
11/11/20 9:35,11/11/20 9:39,IP Address,37.156.74.86,100,250,TRUE,11/11/20 9:39,R_2fDKx7Gy6blohUm,,,,,51.495697021484375,-0.177200317,anonymous,EN,,100,68,100,17,40,45,70,29,60,60,,
11/11/20 9:35,11/11/20 9:39,IP Address,81.135.85.83,100,232,TRUE,11/11/20 9:39,R_6qXwTXFaHFm2n4J,,,,,51.52679443359375,-0.18699646,anonymous,EN,,15,100,100,20,66,93,70,45,62,66,,
11/11/20 9:36,11/11/20 9:39,IP Address,81.158.48.55,100,205,TRUE,11/11/20 9:39,R_2YfXw6g4Cu9sRVJ,,,,,51.514495849609375,0.070602417,anonymous,EN,,24,100,85,19,80,86,81,23,66,60,,
11/11/20 9:36,11/11/20 9:41,IP Address,75.142.199.103,100,285,TRUE,11/11/20 9:41,R_p4OE9LW2ZFBivtf,,,,,34.1020965576171875,-118.0474014,anonymous,EN,,30,90,96,19,75,90,76,30,75,76,,
11/11/20 9:36,11/11/20 9:41,IP Address,188.29.110.230,100,279,TRUE,11/11/20 9:41,R_3rTXxmG30pYdp2r,,,,,51.5077056884765625,-0.119003296,anonymous,EN,,40,60,25,25,40,45,80,40,40,80,,
11/11/20 9:35,11/11/20 9:41,IP Address,31.205.98.238,100,357,TRUE,11/11/20 9:41,R_xlW2ARt6p6j5XFf,,,,,51.53289794921875,-0.005004883,anonymous,EN,,40,100,80,20,80,92,80,47,75,76,,
11/11/20 9:35,11/11/20 9:41,IP Address,31.205.213.212,100,330,TRUE,11/11/20 9:41,R_2f3O8xVyVem0Yj7,,,,,51.5041961669921875,-0.219894409,anonymous,EN,,20,92,86,6,41,46,83,44,80,76,,
11/11/20 9:23,11/11/20 9:41,IP Address,81.157.183.114,100,1076,TRUE,11/11/20 9:41,R_DTtaJjbwDfJxhPH,,,,,51.5680999755859375,-0.089401245,anonymous,EN,,25,100,63,55,60,45,75,40,76,14,,
11/11/20 9:37,11/11/20 9:41,IP Address,103.116.47.199,100,267,TRUE,11/11/20 9:41,R_1mQ72uaq4OYqeJm,,,,,22.2794952392578125,114.1459961,anonymous,EN,,25,100,100,20,33,45,80,30,75,75,,
11/11/20 9:34,11/11/20 9:41,IP Address,86.12.80.141,100,418,TRUE,11/11/20 9:41,R_2S7tZRk3ilY76LU,,,,,51.5359954833984375,-0.092498779,anonymous,EN,,40,85,70,65,40,40,75,40,80,75,,
11/11/20 9:36,11/11/20 9:41,IP Address,91.140.90.106,100,342,TRUE,11/11/20 9:41,R_2c748c5RRxnF8g4,,,,,37.9842071533203125,23.7353057861328125,anonymous,EN,,50,100,85,20,45,45,80,40,66,83,,
11/11/20 9:38,11/11/20 9:42,IP Address,45.32.62.169,100,238,TRUE,11/11/20 9:42,R_BMr35E7B58xUAwh,,,,,35.5818939208984375,139.76629638671875,anonymous,EN,,20,100,90,20,44,42,80,34,70,70,,
11/11/20 9:38,11/11/20 9:42,IP Address,86.146.195.135,100,225,TRUE,11/11/20 9:42,R_YY4ogppOan3Znln,,,,,51.5359954833984375,-0.092498779,anonymous,EN,,19,34,34,15,29,40,73,39,24,30,,
11/11/20 9:36,11/11/20 9:42,IP Address,2.31.6.225,100,362,TRUE,11/11/20 9:42,R_1MSRP04vxrHmRWg,,,,,51.6016998291015625,-0.073196411,anonymous,EN,,33,91,69,40,64,50,80,33,62,62,,
11/11/20 9:42,11/11/20 9:44,IP Address,37.156.74.118,100,91,TRUE,11/11/20 9:44,R_2OGUoiZes96xZDl,,,,,51.495697021484375,-0.177200317,anonymous,EN,,44,46,45,29,43,48,80,32,63,68,,
11/11/20 9:42,11/11/20 9:44,IP Address,77.75.120.132,100,111,TRUE,11/11/20 9:44,R_2zjbS88Sr7KpdhD,,,,,51.5164031982421875,-0.093002319,anonymous,EN,,50,90,90,15,40,45,80,40,75,45,,
11/11/20 9:42,11/11/20 9:44,IP Address,86.17.102.6,100,146,TRUE,11/11/20 9:44,R_2zDdijuPiLFyEAK,,,,,51.55059814453125,-0.187301636,anonymous,EN,,32,65,41,19,40,46,84,31,72,61,,
11/11/20 9:36,11/11/20 9:47,IP Address,176.35.57.196,100,658,TRUE,11/11/20 9:47,R_3iy5DfrFesqp5Rm,,,,,51.49639892578125,-0.122406006,anonymous,EN,,25,20,50,20,42,46,80,35,65,65,,
11/11/20 8:52,11/11/20 8:52,IP Address,86.184.32.24,8,10,FALSE,11/18/20 8:53,R_PLCp23xqpbHmbmh,,,,,,,anonymous,EN,,,,,,,,,,,,,
11/11/20 8:29,11/11/20 9:34,IP Address,138.40.76.221,9,3944,FALSE,11/18/20 9:35,R_1rDrucr7lGiirXu,,,,,,,anonymous,EN,,,,,,,,,,,,,
11/11/20 10:17,11/11/20 10:17,IP Address,81.157.183.114,25,50,FALSE,11/18/20 10:17,R_1KeiZ5y3jdqRpTP,,,,,,,anonymous,EN,,25,100,,,,,,,,,,
11/12/20 23:43,11/19/20 22:58,IP Address,95.178.59.219,8,602152,FALSE,11/26/20 22:59,R_OvqGwUW3PYo5IaZ,,,,,,,anonymous,EN,,,,,,,,,,,,,
2/8/21 8:05,2/8/21 8:08,IP Address,86.158.77.43,100,196,TRUE,2/8/21 8:08,R_1q8LUm4ZxX6ZVz9,,,,,52.6493988037109375,-1.120300293,anonymous,EN,,29,92,80,22,65,87,77,30,59,81,,
2/12/21 13:59,2/12/21 14:16,IP Address,87.95.59.75,100,1034,TRUE,2/12/21 14:16,R_3htjiYI9411LgV8,,,,,60.274505615234375,24.99780273,anonymous,EN,,25,80,70,18,75,40,70,40,65,90,,
2/13/21 14:16,2/13/21 14:22,IP Address,82.34.233.18,100,362,TRUE,2/13/21 14:22,R_24daB7n9OUajDSk,,,,,52.43969727,-1.725494385,anonymous,EN,,15,90,72,19,35,45,76,31,65,59,,
2/13/21 17:47,2/13/21 17:55,IP Address,82.46.231.88,100,451,TRUE,2/13/21 17:55,R_3Dd2SedNqtthtEo,,,,,51.55639648,0.071395874,anonymous,EN,,60,90,0,15,40,45,85,40,60,60,,
2/13/21 18:05,2/13/21 18:08,IP Address,77.98.238.219,100,214,TRUE,2/13/21 18:08,R_NY23UhKFWWAYhkR,,,,,51.6161041259765625,-0.10369873,anonymous,EN,,41,4,9,24,56,45,75,34,34,50,,
2/14/21 0:51,2/14/21 1:00,IP Address,77.101.197.92,100,587,TRUE,2/14/21 1:00,R_3iPYo1vXnoLF6OI,,,,,51.6670989990234375,-0.063400269,anonymous,EN,,25,35,80,15,30,45,75,25,30,40,,
2/14/21 8:48,2/14/21 9:06,IP Address,118.137.58.50,100,1044,TRUE,2/14/21 9:06,R_1Q0eZFeL5zffD3X,,,,,-6.174102783,106.8295898,anonymous,EN,,20,85,75,20,35,45,75,30,75,65,,
2/14/21 12:05,2/14/21 12:10,IP Address,82.5.252.81,100,313,TRUE,2/14/21 12:10,R_3PpO27rYkkkJ1mj,,,,,51.5359954833984375,-0.092498779,anonymous,EN,,30,50,80,17,40,48,85,28,30,43,,
2/14/21 14:05,2/14/21 14:21,IP Address,86.4.3.155,100,964,TRUE,2/14/21 14:21,R_2cdeskOZKm5f82V,,,,,51.5005035400390625,-0.190505981,anonymous,EN,,33,62,30,20,71,80,69,40,65,41,,
2/14/21 16:10,2/14/21 16:29,IP Address,85.100.71.121,100,1125,TRUE,2/14/21 16:29,R_XNuZk6y1szsLk77,,,,,41.0204925537109375,28.9752960205078125,anonymous,EN,,20,80,94,14,80,81,70,56,62,60,,
2/14/21 16:50,2/14/21 16:59,IP Address,27.109.221.48,100,543,TRUE,2/14/21 16:59,R_sXu1wkZygt66ff3,,,,,22.1999969482421875,113.54998779296875,anonymous,EN,,14,60,50,14,40,35,70,14,30,59,,
2/14/21 23:56,2/15/21 0:04,IP Address,91.40.175.49,100,482,TRUE,2/15/21 0:04,R_31nGr2w0VetjX4M,,,,,51.0005950927734375,7.569305419921875,anonymous,EN,,24,86,80,12,85,90,80,45,70,60,,
2/15/21 8:54,2/15/21 9:02,IP Address,92.233.24.203,100,426,TRUE,2/15/21 9:02,R_1ocXS5o4ujokKK0,,,,,51.574493408203125,0.131195068,anonymous,EN,,10,25,80,45,45,45,80,50,50,60,,
2/12/21 20:55,2/14/21 22:55,IP Address,90.209.121.145,92,179998,FALSE,2/21/21 22:55,R_21al5krDR5f41rk,,,,,,,anonymous,EN,,25,27,50,26,38,44,54,54,25,40,,
2/15/21 11:51,2/15/21 11:51,IP Address,188.58.98.131,8,9,FALSE,2/22/21 11:51,R_12gO0IZsKoco8A8,,,,,,,anonymous,EN,,,,,,,,,,,,,
2/15/21 9:55,2/15/21 13:19,IP Address,89.35.198.162,83,12272,FALSE,2/22/21 13:19,R_3RqLGzYks3TnWL0,,,,,,,anonymous,EN,,61,50,60,14,40,35,75,30,40,,,
2/17/21 15:51,2/17/21 16:40,IP Address,86.134.35.119,17,2920,FALSE,2/24/21 16:40,R_uqTcPqSU3kYS3p7,,,,,,,anonymous,EN,,33,,,,,,,,,,,
2/25/21 16:51,2/25/21 16:53,Survey Preview,,100,178,TRUE,2/25/21 16:54,R_2ruruL3KzaWs8mV,,,,,52.6493988037109375,-1.120300293,preview,EN,,82,72,60,63,58,58,64,63,58,53,,
2/25/21 18:17,2/25/21 18:18,Survey Preview,,100,58,TRUE,2/25/21 18:18,R_3Ny0JiHQi60FNc2,,,,,52.6493988037109375,-1.120300293,preview,EN,,33,50,41,43,18,54,36,34,41,30,,
2/25/21 18:24,2/25/21 18:26,Survey Preview,,100,119,TRUE,2/25/21 18:26,R_1BPcaY99Zz8cAst,,,,,52.6493988037109375,-1.120300293,preview,EN,,42,85,63,52,66,76,65,61,66,70,,
2/25/21 18:26,2/25/21 18:27,Survey Preview,,100,44,TRUE,2/25/21 18:27,R_xgxkrIZPnnD2YMx,,,,,52.6493988037109375,-1.120300293,preview,EN,,72,68,69,80,72,68,68,56,60,73,,
2/26/21 8:18,2/26/21 8:21,IP Address,89.104.234.52,100,192,TRUE,2/26/21 8:21,R_doFKGoEI0HmO3gl,,,,,57.145294189453125,-2.094497681,anonymous,EN,5fa479d9ee8fd60fc0cfa99f,19,16,30,22,34,46,75,44,93,82,5fa479d9ee8fd60fc0cfa99f,
2/26/21 8:32,2/26/21 8:40,IP Address,82.32.154.93,100,482,TRUE,2/26/21 8:40,R_09ET5D7QU7QZsqZ,,,,,55.96319580078125,-3.254592896,anonymous,EN,5d20e6639825ad00188bd75e,34,75,34,16,40,46,80,28,57,77,5d20e6639825ad00188bd75e,
2/26/21 8:48,2/26/21 8:50,IP Address,86.29.41.152,100,116,TRUE,2/26/21 8:50,R_1luBLoWydCdCDBG,,,,,55.9387969970703125,-4.795898438,anonymous,EN,5efd95f3b835b9000a0ad170,32,89,93,19,36,43,70,33,71,77,5efd95f3b835b9000a0ad170,
2/26/21 8:49,2/26/21 8:53,IP Address,84.69.134.229,100,203,TRUE,2/26/21 8:53,R_1i8LvXmlZ6i07Tc,,,,,55.864898681640625,-4.311004639,anonymous,EN,5ea4235890d52b3c59125f7b,30,50,100,15,40,45,80,33,71,66,5ea4235890d52b3c59125f7b,
2/26/21 8:55,2/26/21 8:58,IP Address,86.178.163.125,100,201,TRUE,2/26/21 8:58,R_3GlVO3WqBKzk9fv,,,,,56.4597015380859375,-2.977493286,anonymous,EN,5ca8b99bc4a6820001836050,20,40,50,15,40,45,80,30,60,60,5ca8b99bc4a6820001836050,
2/25/21 18:17,2/25/21 18:35,IP Address,86.156.40.202,8,1091,FALSE,3/4/21 18:35,R_se9ey5SHnP18Hxn,,,,,,,anonymous,EN,,,,,,,,,,,,5f466abede36ca0167829099,
2/25/21 18:45,2/25/21 18:45,IP Address,86.156.40.202,21,33,FALSE,3/4/21 18:45,R_DV5IIBuOD6iq9oJ,,,,,,,anonymous,EN,5f466abede36ca0167829099,,,,,,,,,,,5f466abede36ca0167829099,
1/10/22 16:53,1/10/22 16:53,IP Address,136.148.161.25,21,38,FALSE,1/17/22 16:54,R_0P7PtFsV1vZfAvD,,,,,,,anonymous,EN,,,,,,,,,,,,,
1/18/22 21:17,1/18/22 21:24,IP Address,86.165.51.123,100,383,TRUE,1/18/22 21:24,R_1Ehdd2iykJ9nZpq,,,,,51.3643951416015625,-0.092300415,anonymous,EN,,30,100,90,20,40,45,75,45,40,40,,
2/18/22 9:51,2/18/22 9:53,IP Address,31.51.230.46,100,150,TRUE,2/18/22 9:53,R_22GnqVzprsytt8d,,,,,52.65130615234375,-1.087600708,anonymous,EN,,40,55,98,61,70,62,62,49,74,58,,
2/17/22 13:56,2/23/22 16:40,IP Address,62.240.134.76,100,528248,TRUE,2/23/22 16:40,R_1CEGMWbWus7SwQ4,,,,,48.2169952392578125,16.3943939208984375,anonymous,EN,,25,43,100,14,40,46,85,39,68,74,,
2/24/22 22:16,2/24/22 22:20,IP Address,86.142.41.126,100,246,TRUE,2/24/22 22:20,R_7PySX2bb00sdcml,,,,,51.514495849609375,0.070602417,anonymous,EN,,65,0,10,15,35,45,70,50,25,15,,
2/26/22 14:54,2/26/22 15:14,IP Address,87.224.64.75,100,1148,TRUE,2/26/22 15:14,R_22WwcpnvXstFdi4,,,,,51.5428009033203125,-0.197799683,anonymous,EN,,30,92,92,15,40,43,72,35,40,25,,
2/26/22 20:57,2/26/22 21:10,IP Address,86.143.4.101,100,784,TRUE,2/26/22 21:10,R_2v040kCsZuOPzqK,,,,,51.519195556640625,0.463806152,anonymous,EN,,25,40,15,15,37,45,40,30,10,15,,
2/28/22 11:27,2/28/22 11:32,IP Address,81.109.248.75,100,294,TRUE,2/28/22 11:32,R_2aQacrg3KQVl1GH,,,,,51.5507049560546875,-0.09979248,anonymous,EN,,35,86,100,29,75,13,71,51,68,91,,
2/28/22 21:23,2/28/22 21:30,IP Address,77.97.219.1,100,427,TRUE,2/28/22 21:30,R_1lfUjlHsCyTZl3L,,,,,51.653900146484375,-0.088806152,anonymous,EN,,25,80,50,20,40,45,70,40,80,20,,
3/1/22 10:52,3/1/22 10:56,IP Address,152.37.110.234,100,222,TRUE,3/1/22 10:56,R_1go5m0iXfnnfizl,,,,,51.5074005126953125,-0.119598389,anonymous,EN,,25,100,75,20,33,45,80,33,75,75,,
3/1/22 13:17,3/1/22 13:24,IP Address,109.155.14.177,100,421,TRUE,3/1/22 13:24,R_3nq2V3v4CRXKE1V,,,,,51.6016998291015625,-0.073196411,anonymous,EN,,40,40,40,25,45,45,75,25,40,25,,
3/3/22 14:01,3/3/22 14:09,IP Address,84.65.76.142,100,461,TRUE,3/3/22 14:09,R_tLPD7qwzx2WhkY1,,,,,51.554901123046875,0.052902222,anonymous,EN,,20,0,70,10,40,45,81,35,40,81,,
3/14/22 10:16,3/14/22 10:21,IP Address,90.247.77.60,100,336,TRUE,3/14/22 10:21,R_3FLJQxpG65xXNJi,,,,,51.61419677734375,-0.147506714,anonymous,EN,,29,0,74,12,37,40,80,37,37,30,,
3/11/22 21:49,3/11/22 21:50,IP Address,90.247.77.60,21,64,FALSE,3/18/22 21:50,R_1CCnT6L2yrmUz0k,,,,,,,anonymous,EN,,,,,,,,,,,,,
7/12/22 0:32,7/12/22 0:32,IP Address,82.25.136.124,21,17,FALSE,7/19/22 0:32,R_1pZ1sSjN1giMEQY,,,,,,,anonymous,EN,,,,,,,,,,,,,
11/11/22 11:50,11/11/22 11:54,IP Address,86.134.35.67,100,246,TRUE,11/11/22 11:54,R_2Ui2K4NNLPWkqoz,,,,,52.6494,-1.1203,anonymous,EN,jason,20,96,86,18,67,84,80,33,70,65,,
11/16/22 11:45,11/16/22 11:50,IP Address,138.40.67.132,100,288,TRUE,11/16/22 11:50,R_2zHftWFRTfR2f5h,,,,,51.5164,-0.093,anonymous,EN,,54,48,80,18,40,45,81,40,83,71,,
11/16/22 11:46,11/16/22 11:50,IP Address,138.40.67.136,100,248,TRUE,11/16/22 11:50,R_1mKmeOBi3AJLJKK,,,,,51.5164,-0.093,anonymous,EN,,25,95,86,13,34,65,81,39,82,65,,
11/16/22 11:45,11/16/22 11:52,IP Address,138.40.67.131,100,407,TRUE,11/16/22 11:52,R_RIaQfqAkQlA0qLn,,,,,51.5164,-0.093,anonymous,EN,,30,80,90,15,80,90,85,30,70,75,,
11/16/22 11:46,11/16/22 11:53,IP Address,138.40.67.136,100,396,TRUE,11/16/22 11:53,R_2uERumLHUGjFeqR,,,,,51.5164,-0.093,anonymous,EN,,30,58,45,56,41,47,76,40,42,50,,
11/16/22 11:46,11/16/22 11:54,IP Address,138.40.67.132,100,443,TRUE,11/16/22 11:54,R_2Sk5qxucoOgeG8O,,,,,51.5164,-0.093,anonymous,EN,,10,35,25,10,40,40,75,35,30,50,,
11/16/22 11:51,11/16/22 11:54,IP Address,138.40.109.1,100,184,TRUE,11/16/22 11:54,R_79SZhvpvDsaWHhD,,,,,51.5095,-0.0955,anonymous,EN,,20,90,100,13,40,90,85,30,75,74,,
11/16/22 11:50,11/16/22 11:54,IP Address,92.184.124.76,100,289,TRUE,11/16/22 11:54,R_2QYsZgO0V7hulqb,,,,,48.8582,2.3387,anonymous,EN,,22,100,81,12,44,48,69,39,39,82,,
11/16/22 11:47,11/16/22 11:55,IP Address,138.40.67.133,100,455,TRUE,11/16/22 11:55,R_1FODYmUzVhGgBow,,,,,51.5164,-0.093,anonymous,EN,,34,90,90,16,40,40,82,45,70,65,,
11/16/22 11:51,11/16/22 11:57,IP Address,138.40.109.143,100,389,TRUE,11/16/22 11:57,R_3k0w3ZMvg7gyxYA,,,,,51.5095,-0.0955,anonymous,EN,,25,91,89,17,37,43,83,39,61,67,,
11/16/22 11:54,11/16/22 11:58,IP Address,138.40.109.103,100,240,TRUE,11/16/22 11:58,R_xAcgEIrSJMK42Hf,,,,,51.5095,-0.0955,anonymous,EN,210058687,20,80,60,12,33,45,80,40,60,65,,
11/16/22 11:52,11/16/22 11:58,IP Address,138.40.109.126,100,345,TRUE,11/16/22 11:58,R_2U3GMIVdZnQZjSE,,,,,51.5095,-0.0955,anonymous,EN,,24,92,85,15,30,45,71,33,67,72,,
11/16/22 11:54,11/16/22 11:59,IP Address,138.40.109.136,100,294,TRUE,11/16/22 11:59,R_1ISFdV6aXMOaorR,,,,,51.5095,-0.0955,anonymous,EN,,30,95,90,22,35,43,81,32,69,43,,
11/16/22 11:50,11/16/22 11:59,IP Address,148.252.132.79,100,550,TRUE,11/16/22 11:59,R_1hRst0JJ8OqMXBX,,,,,55.9552,-3.2,anonymous,EN,,50,91,92,16,32,46,80,43,62,40,,
11/16/22 11:51,11/16/22 11:59,IP Address,138.40.109.128,100,482,TRUE,11/16/22 11:59,R_2sXYpdR8cqZQ9IJ,,,,,51.5095,-0.0955,anonymous,EN,,30,90,100,12,45,48,81,33,61,76,,
11/16/22 11:44,11/16/22 11:59,IP Address,138.40.67.134,100,899,TRUE,11/16/22 11:59,R_riNJgxTkeSEOhr3,,,,,51.5164,-0.093,anonymous,EN,,25,100,100,17,42,87,80,33,67,60,,
11/16/22 11:51,11/16/22 12:00,IP Address,138.40.109.141,100,500,TRUE,11/16/22 12:00,R_264S0ye5ksmsqmw,,,,,51.5095,-0.0955,anonymous,EN,,20,30,40,20,30,50,85,45,67,74,,
11/16/22 11:55,11/16/22 12:02,IP Address,138.40.109.52,100,439,TRUE,11/16/22 12:02,R_OGUuJYVEtXeFgQN,,,,,51.5095,-0.0955,anonymous,EN,,25,70,78,37,41,47,83,38,60,62,,
11/16/22 19:11,11/16/22 20:07,IP Address,137.220.69.160,100,3387,TRUE,11/16/22 20:07,R_3fUegUZ8k7y5rrS,,,,,51.4805,-0.0113,anonymous,EN,Xiaoyu Dong,25,1,60,15,40,45,75,40,75,75,,
11/16/22 12:09,11/16/22 12:09,IP Address,138.40.67.133,21,17,FALSE,11/23/22 12:09,R_2a8mI45PcZfwUvX,,,,,,,anonymous,EN,,,,,,,,,,,,,
11/16/22 11:58,11/16/22 17:09,IP Address,138.40.67.132,21,18670,FALSE,11/23/22 17:09,R_2Vs6zhwIf6finrT,,,,,,,anonymous,EN,,,,,,,,,,,,,
2/24/23 13:44,2/24/23 13:48,IP Address,138.40.67.131,100,247,TRUE,2/24/23 13:48,R_3OrAqFrQSKv5Mve,,,,,51.5269,-0.0991,anonymous,EN,,50,1,20,15,35,45,10,50,81,75,,
2/25/23 19:29,2/25/23 19:33,IP Address,92.0.169.106,100,239,TRUE,2/25/23 19:33,R_2S7DM9TC9WKwz6G,,,,,51.5329,-0.005,anonymous,EN,,30,41,51,35,42,45,79,24,24,30,,
2/27/23 16:40,2/27/23 16:44,IP Address,51.183.64.47,100,181,TRUE,2/27/23 16:44,R_1ib82lFIV8V64OJ,,,,,51.5878,0.015,anonymous,EN,,30,35,27,15,35,45,75,30,36,29,,
2/27/23 23:27,2/27/23 23:43,IP Address,86.180.20.38,100,925,TRUE,2/27/23 23:43,R_26bWM1zLXo7Ewu7,,,,,51.5598,-0.0096,anonymous,EN,,40,100,100,20,40,45,75,50,65,70,,
2/27/23 23:48,2/27/23 23:55,IP Address,81.158.119.111,100,438,TRUE,2/27/23 23:55,R_2uE767oIKM2vqo9,,,,,51.4469,0.0509,anonymous,EN,,42,50,100,20,45,45,80,40,40,45,,
2/20/23 16:02,2/21/23 9:55,IP Address,138.40.67.132,21,64404,FALSE,2/28/23 9:55,R_2bH2Sgsg51d3AjV,,,,,,,anonymous,EN,,,,,,,,,,,,,
3/22/23 11:59,3/22/23 12:02,IP Address,138.40.105.132,100,167,TRUE,3/22/23 12:02,R_10wtb7JnknO18zM,,,,,51.3997,-0.2515,anonymous,EN,,45,25,100,20,40,45,80,25,40,40,,
3/23/23 13:44,3/23/23 13:49,IP Address,138.40.67.134,100,344,TRUE,3/23/23 13:49,R_YRECHn7foQ1zT2N,,,,,51.5269,-0.0991,anonymous,EN,,15,20,25,15,45,46,35,15,30,20,,
3/27/23 21:45,3/27/23 21:51,IP Address,92.31.138.224,100,310,TRUE,3/27/23 21:51,R_2uZCmqwjcNoUbRC,,,,,51.5597,-0.0528,anonymous,EN,,40,20,16,20,33,46,15,31,19,19,,
3/28/23 0:00,3/28/23 0:00,IP Address,81.157.229.145,7,10,FALSE,4/4/23 0:00,R_6nZNdpjPZ6z7tJL,,,,,,,anonymous,EN,,,,,,,,,,,,,
4/15/23 17:51,4/15/23 17:54,IP Address,149.22.227.29,100,234,TRUE,4/15/23 17:54,R_0Do9OIpmPMkffMt,,,,,51.4986,0.0441,anonymous,EN,,80,40,20,20,40,45,15,15,5,10,,
2/27/24 12:44,2/27/24 12:49,IP Address,89.242.255.21,100,305,TRUE,2/27/24 12:49,R_84MYFxxVzBj7CFy,,,,,51.9276,-0.4968,anonymous,EN,,20,23,67,10,43,40,86,58,50,44,,
2/27/24 12:50,2/27/24 12:50,IP Address,89.242.255.21,21,17,FALSE,3/5/24 12:50,R_70iCb2fP0g45atL,,,,,,,anonymous,EN,78A6462C,,,,,,,,,,,,
3/25/24 12:22,3/25/24 12:24,IP Address,92.25.153.70,100,101,TRUE,3/25/24 12:24,R_7pN7rYsxbZHyMuZ,,,,,51.9289,-0.4675,anonymous,EN,,50,80,65,70,86,73,89,77,94,66,,
2/18/25 12:02,2/18/25 12:06,IP Address,81.131.116.196,100,277,TRUE,2/18/25 12:06,R_2Cs9zqUAjPoEm1X,,,,,52.6494,-1.1203,anonymous,EN,,34,93,81,18,65,82,78,38,65,65,,
2/19/25 18:57,2/19/25 19:05,IP Address,82.36.216.197,100,468,TRUE,2/19/25 19:05,R_2oA0ycoxvMxMYSx,,,,,51.4674,-0.3556,anonymous,EN,,35,51,100,81,40,45,71,46,61,56,,
2/21/25 15:45,2/21/25 15:50,IP Address,31.52.19.235,100,276,TRUE,2/21/25 15:50,R_82J10srXg9n5g6K,,,,,51.5005,-0.1905,anonymous,EN,,20,44,39,25,45,47,85,43,76,78,,
2/25/25 18:51,2/25/25 18:56,IP Address,92.41.178.205,100,285,TRUE,2/25/25 18:56,R_8CMNVog1r2RAfh7,,,,,51.5017,-0.0617,anonymous,EN,,30,100,91,62,39,45,82,83,40,62,,
2/24/25 16:34,2/24/25 16:37,IP Address,138.40.67.131,29,149,FALSE,3/3/25 16:37,R_8qYehduwYB1Xp2p,,,,,51.536,-0.0925,anonymous,EN,,38,,,,,,,,,,,
2/25/25 18:27,2/25/25 18:27,IP Address,147.148.6.29,21,24,FALSE,3/4/25 18:27,R_8EhACJEr1bhoBu2,,,,,51.5646,0.0898,anonymous,EN,,,,,,,,,,,,,
2/26/25 0:12,2/26/25 0:12,IP Address,143.58.147.84,21,41,FALSE,3/5/25 0:12,R_20iorggivNGV3vp,,,,,51.5507,-0.0537,anonymous,EN,,,,,,,,,,,,,
3/5/25 5:49,3/5/25 5:53,IP Address,81.96.156.104,100,234,TRUE,3/5/25 5:53,R_8LYCPxCAbyWkWtR,,,,,51.6141,-0.3362,anonymous,EN,,20,80,80,12,45,44,80,30,20,20,,
2/26/25 11:47,2/26/25 11:48,IP Address,138.40.67.131,21,13,FALSE,3/5/25 11:48,R_2IlTlotU1g4ZGfb,,,,,51.5269,-0.0991,anonymous,EN,,,,,,,,,,,,,
2/26/25 11:03,2/26/25 12:48,IP Address,138.40.40.15,29,6281,FALSE,3/5/25 12:48,R_2GCVa4XJrx1MQxc,,,,,51.5269,-0.0991,anonymous,EN,,20,,,,,,,,,,,
3/5/25 16:28,3/5/25 16:33,IP Address,2.127.127.133,100,311,TRUE,3/5/25 16:33,R_25pkBswP5ivsHCx,,,,,52.894,-1.4236,anonymous,EN,,20,15,10,20,40,45,80,40,20,20,,
3/11/25 22:07,3/11/25 22:27,IP Address,188.31.114.201,100,1209,TRUE,3/11/25 22:27,R_2EMZzqL8dQpMT0V,,,,,51.536,-0.0925,anonymous,EN,,43,84,54,33,43,47,82,42,45,67,,
3/11/25 22:30,3/11/25 23:03,IP Address,86.141.40.70,100,1996,TRUE,3/11/25 23:03,R_2aQ66Q9JnSNFOn9,,,,,51.5783,-0.1954,anonymous,EN,,25,28,43,60,45,46,63,41,40,30,,
5/7/25 2:43,5/7/25 2:44,IP Address,92.15.192.193,36,49,FALSE,5/14/25 2:44,R_8bQuBp9ZOTDMefo,,,,,51.3795,0.5558,anonymous,EN,,45,45,,,,,,,,,,
12/10/25 23:10,12/10/25 23:24,IP Address,84.66.197.2,100,874,TRUE,12/10/25 23:24,R_8chYpUywr5Ig9Xv,,,,,52.4486,-1.5499,anonymous,EN,,40,90,90,20,40,45,60,45,75,75,,
12/11/25 7:00,12/11/25 7:11,IP Address,86.20.159.28,100,684,TRUE,12/11/25 7:11,R_8hcfckv0FbaYJ57,,,,,51.5975,-0.1915,anonymous,EN,,50,20,30,30,60,44,80,40,65,65,,
12/11/25 9:01,12/11/25 9:12,IP Address,138.40.67.135,100,706,TRUE,12/11/25 9:12,R_2z1XFnOpxZIkFUt,,,,,51.5327,-0.0996,anonymous,EN,,34,100,83,36,82,84,76,47,64,71,,
12/11/25 9:09,12/11/25 9:23,IP Address,138.40.67.162,100,812,TRUE,12/11/25 9:23,R_21hpeSZxxs3MdVA,,,,,51.5327,-0.0996,anonymous,EN,,50,85,90,17,42,47,80,43,67,66,,
12/11/25 10:05,12/11/25 10:15,IP Address,138.40.67.162,100,576,TRUE,12/11/25 10:15,R_2N4UCxHDug9uxuF,,,,,51.5327,-0.0996,anonymous,EN,,25,51,50,29,43,29,70,30,65,56,,
12/11/25 6:51,12/11/25 10:20,IP Address,137.205.72.15,100,12521,TRUE,12/11/25 10:20,R_2r0Jahz3YfoZHrz,,,,,52.382,-1.5874,anonymous,EN,,50,90,50,20,80,80,75,40,60,60,,
12/11/25 10:26,12/11/25 10:54,IP Address,138.40.67.161,100,1676,TRUE,12/11/25 10:54,R_8eQCUZnjY7qh16g,,,,,51.5327,-0.0996,anonymous,EN,,19,85,76,15,35,82,77,28,65,71,,
12/11/25 10:50,12/11/25 10:56,IP Address,138.40.67.162,100,340,TRUE,12/11/25 10:56,R_8OqV5qi17r7xoLS,,,,,51.5327,-0.0996,anonymous,EN,,33,90,95,17,50,70,81,46,66,73,,
12/11/25 10:51,12/11/25 10:58,IP Address,138.40.67.131,100,377,TRUE,12/11/25 10:58,R_85ycp2CpfaKYkaN,,,,,51.5327,-0.0996,anonymous,EN,,30,93,89,17,40,47,76,50,24,25,,
12/11/25 10:51,12/11/25 10:58,IP Address,138.40.67.161,100,448,TRUE,12/11/25 10:58,R_8Yy11n0BoyAoGMM,,,,,51.5327,-0.0996,anonymous,EN,,25,67,100,17,40,45,75,34,40,35,,
12/11/25 10:53,12/11/25 11:00,IP Address,138.40.67.135,100,431,TRUE,12/11/25 11:00,R_8Fz9dCbE4ZGAoDq,,,,,51.5327,-0.0996,anonymous,EN,,25,91,100,17,40,45,75,50,66,66,,
12/11/25 10:57,12/11/25 11:02,IP Address,138.40.67.133,100,318,TRUE,12/11/25 11:02,R_8tG8JNxy7AvcA93,,,,,51.5327,-0.0996,anonymous,EN,,25,85,90,50,60,37,80,35,65,81,,
12/10/25 21:50,12/11/25 6:58,IP Address,86.20.159.28,29,32867,FALSE,12/18/25 6:58,R_8Iia58M9ZkWrprF,,,,,51.5975,-0.1915,anonymous,EN,,0,,,,,,,,,,,
12/10/25 16:19,12/11/25 10:53,IP Address,138.40.67.135,21,66829,FALSE,12/18/25 10:53,R_2kYazYoFaJVnrTg,,,,,51.5327,-0.0996,anonymous,EN,,,,,,,,,,,,,
2/3/26 9:23,2/3/26 9:32,IP Address,138.40.67.131,100,514,TRUE,2/3/26 9:32,R_2dE2e04rzEHRE3K,,,,,51.5327,-0.0996,anonymous,EN,,25,96,96,15,40,71,81,40,61,81,,
2/3/26 10:36,2/3/26 10:45,IP Address,82.132.214.150,100,550,TRUE,2/3/26 10:45,R_81hH5Dlw7FggUVY,,,,,51.4647,-0.0509,anonymous,EN,,30,95,66,20,38,96,77,40,70,60,,
2/3/26 11:00,2/3/26 11:06,IP Address,94.174.5.50,100,338,TRUE,2/3/26 11:06,R_2Dwm0uwJ0GGAIMj,,,,,52.4425,-1.9442,anonymous,EN,,25,75,80,30,34,40,81,35,81,72,,